,Unnamed: 0,ReviewID,Page Type,Full Text,Rating,SegmentedReview,SegmentedReview_processed_reviews,Hedonic Motivation,Connectivity Support,Customizability,Perceived Ease of Use,Appeal,Perceived Value,Perceived Usefulness,Device Quality,Credibility Support
1,11193,11194,review,i love the new features this apple watch has. easy to use,5,"""i love the new this apple watch ha .', 'easy to use""","`` i love the new this apple watch ha . ' , 'easy to use ''",0,0,0,1,0,0,0,0,0
2,11475,11476,review,easy to put on and protects the apple watch great.,5,"""easy to put on and protects the apple watch great .""",`` easy to put on and protects the apple watch great . '',0,0,0,1,0,0,0,0,0
3,12084,12085,review,great apple watch with wonderful features. easy to setup,5,"""great apple watch with wonderful .', 'easy to setup""","`` great apple watch with wonderful . ' , 'easy to setup ''",0,0,0,1,0,0,0,0,0
8,32711,32712,review,love my apple watch. does everything i expect it to and more!,5,"""love my apple watch .', 'does everything i expect it to and more !""","`` love my apple watch . ' , 'does everything i expect it to and more ! ''",0,0,0,0,0,0,1,0,0
11,32968,32969,review,"i love my apple watch, it's very confortable and easy to use.",5,"""i love my apple watch ,', 'it's very confortable and easy to use .""","`` i love my apple watch , ' , 'it 's very confortable and easy to use . ''",0,0,0,1,0,0,0,0,0
12,33264,33265,review,best apple watch yet it's super sleek and fun! \ngreat choice,5,"""best apple watch yet it's super sleek and fun !', '\\ngreat choice""","`` best apple watch yet it 's super sleek and fun ! ' , '\\ngreat choice ''",1,0,0,0,0,0,0,0,0
13,33265,33266,review,"best apple watch yet. battery life is amazing, built tough",5,"""best apple watch yet .', 'battery life is amazing ,', 'built tough""","`` best apple watch yet . ' , 'battery life is amazing , ' , 'built tough ''",0,0,0,0,0,0,0,1,0
14,33593,33594,review,this was adaptable to use with my apple watch. very satisfied.,5,"""this wa adaptable to use with my apple watch .', 'very satisfied .""","`` this wa adaptable to use with my apple watch . ' , 'very satisfied . ''",1,0,0,0,0,0,0,0,0
20,34077,34078,review,replaced my fitbit with the apple watch and have been very happy.,5,"""replaced my fitbit with the apple watch and have been very happy .""",`` replaced my fitbit with the apple watch and have been very happy . '',1,0,0,0,0,0,0,0,0
23,34663,34664,review,love my apple watch great way to keep track of my fitness goals,5,"""love my apple watch great way', 'to keep track of my fitness goals""","`` love my apple watch great way ' , 'to keep track of my fitness goal ''",0,0,0,0,0,0,1,0,0
32,35257,35258,review,i appreciate the information and accuracy of the fitbit charge 4.,5,"""i appreciate the information and accuracy of the fitbit charge 4 .""",`` i appreciate the information and accuracy of the fitbit charge 4 . '',0,0,0,0,0,0,0,1,1
45,3843,3844,review,great apple watch i love it so much easy to use. i love it.,3,"""great apple watch i love', 'it so much easy to use .', 'i love it .""","`` great apple watch i love ' , 'it so much easy to use . ' , ' i love it . ''",0,0,0,1,0,0,0,0,0
50,7042,7043,review,a different flair. gives apple watch cool and refreshing look.,4,"""a different flair .', 'gives apple watch cool and refreshing look .""","`` a different flair . ' , 'gives apple watch cool and refreshing look . ''",0,0,0,0,1,0,0,0,0
52,7659,7660,review,"i enjoy the features of apple watch, especially workout and activity apps.",4,"""i enjoy the of apple watch , especially workout and activity apps .""","`` i enjoy the of apple watch , especially workout and activity apps . ''",1,0,0,0,0,0,0,0,0
54,7895,7896,review,really make your apple watch stand out make the watch look great,4,"""really make your apple watch stand out', 'make the watch look great""","`` really make your apple watch stand out ' , 'make the watch look great ''",0,0,0,0,1,0,0,0,0
55,7902,7903,review,amazing quality\n way better than apple watch. no comparison.,4,"""amazing quality\\n way better than apple watch .', 'no comparison .""","`` amazing quality\\n way better than apple watch . ' , 'no comparison . ''",0,0,0,0,0,0,0,1,0
56,7907,7908,review,best battery life. way better than apple watch. good design,4,"""best battery life .', 'way better than apple watch .', 'good design""","`` best battery life . ' , 'way better than apple watch . ' , 'good design ''",0,0,0,0,1,0,0,1,0
64,9996,9997,review,i love my apple watch. easy to connect to my phone n works great,5,"""i love my apple watch .', 'easy to connect to my phone n work great""","`` i love my apple watch . ' , 'easy to connect to my phone n work great ''",0,1,0,1,0,0,0,0,0
65,10022,10023,review,makes working out fun. can challenge other apple watch friends.,5,"""makes working out fun .', 'can challenge other apple watch friend .""","`` make working out fun . ' , 'can challenge other apple watch friend . ''",1,0,0,0,0,0,0,0,0
66,10046,10047,review,love my apple watch! fast and easy online pickup and works great,5,"""love my apple watch !', 'fast and easy online pickup and work great""","`` love my apple watch ! ' , 'fast and easy online pickup and work great ''",0,0,0,1,0,0,0,0,0
70,10699,10700,review,i love my new apple watch. user friendly well worth the money.,5,"""i love my new apple watch .', 'user friendly well worth the money .""","`` i love my new apple watch . ' , 'user friendly well worth the money . ''",0,0,0,0,0,1,0,0,0
74,11700,11701,review,i love my apple watch .. easy to connect .. only work foe 2 weeks,5,"""i love my apple watch .. easy to connect ..', 'only work foe 2 week""","`` i love my apple watch .. easy to connect .. ' , 'only work foe 2 week ''",0,1,0,1,0,0,0,0,0
77,11795,11796,review,beat apple watch & has apple care! i'm so happy with my purchase,5,"""beat apple watch & ha apple care !', 'i'm so happy with my purchase""","`` beat apple watch & ha apple care ! ' , ' i 'm so happy with my purchase ''",1,0,0,0,0,0,0,0,0
81,12897,12898,review,nice upgrade for a men's apple watch! casual but classy look,5,"""nice upgrade for a men's apple watch !', 'casual', 'but classy look""","`` nice upgrade for a men 's apple watch ! ' , 'casual ' , 'but classy look ''",0,0,0,0,1,0,0,0,0
82,12927,12928,review,nice upgrade for a men\u2019s apple watch! casual but classy look,5,"""nice upgrade for a men's apple watch !', 'casual', 'but classy look""","`` nice upgrade for a men 's apple watch ! ' , 'casual ' , 'but classy look ''",0,0,0,0,1,0,0,0,0
84,14047,14048,review,apple watch you should get one period this is must have so happy,5,"""apple watch you should get one period this', 'is must have so happy""","`` apple watch you should get one period this ' , 'is must have so happy ''",1,0,0,0,0,0,0,0,0
85,14065,14066,review,this beautiful smart apple watch has many options and easy to install,5,"""this beautiful smart apple watch ha many option and easy to install""",`` this beautiful smart apple watch ha many option and easy to install '',0,0,0,1,0,0,0,0,0
96,15636,15637,review,the red color makes my silver apple watch look so good on my wrist.,5,"""the red color make my silver apple watch look so good on my wrist .""",`` the red color make my silver apple watch look so good on my wrist . '',0,0,0,0,1,0,0,0,0
113,19027,19028,review,i love i it's my first apple watch i love it so easy to use.,5,"""i love i it's my first apple watch', 'i love', 'it so easy to use .""","`` i love i it 's my first apple watch ' , ' i love ' , 'it so easy to use . ''",0,0,0,1,0,0,0,0,0
114,19034,19035,review,i love i it\u2019s my first apple watch i love it so easy to use.,5,"""i love i it's my first apple watch', 'i love', 'it so easy to use .""","`` i love i it 's my first apple watch ' , ' i love ' , 'it so easy to use . ''",0,0,0,1,0,0,0,0,0
115,19106,19107,review,makes my fitbit charge 3 look so elegant. super-strong magnet!,5,"""makes my fitbit charge 3 look so elegant .', 'super-strong magnet !""","`` make my fitbit charge 3 look so elegant . ' , 'super-strong magnet ! ''",0,0,0,0,1,0,0,1,0
116,19131,19132,review,apple watch i is just one of the smartest watch ever easy to use,5,"""apple watch i is just one of the smartest watch ever easy', 'to use""","`` apple watch i is just one of the smartest watch ever easy ' , 'to use ''",0,0,0,1,0,0,0,0,0
117,19170,19171,review,this is a must have for your new apple watch and at a great price!,5,"""this is a must have for your new apple watch and at a great price !""",`` this is a must have for your new apple watch and at a great price ! '',0,0,0,0,0,1,0,0,0
126,20908,20909,review,looks nice and works well with the apple watch as far as compatibility,5,"""looks nice and work well with the apple watch a far a compatibility""",`` look nice and work well with the apple watch a far a compatibility '',0,0,0,0,1,0,0,0,0
127,21020,21021,review,awesome apple watch. sleek design and works awesome. love it,5,"""awesome apple watch .', 'sleek design and work awesome .', 'love it""","`` awesome apple watch . ' , 'sleek design and work awesome . ' , 'love it ''",0,0,0,0,1,0,0,0,0
128,21117,21118,review,my wife loves her apple watch. great fitness tracking and look!,5,"""my wife love her apple watch .', 'great fitness tracking and look !""","`` my wife love her apple watch . ' , 'great fitness tracking and look ! ''",0,0,0,0,1,0,0,0,0
129,21252,21253,review,"first apple watch, my wife loves it.. easy to pair and looks nice.",5,"""first apple watch , my wife love it .. easy to pair and look nice .""","`` first apple watch , my wife love it .. easy to pair and look nice . ''",0,1,0,1,1,0,0,0,0
130,21384,21385,review,love my fitbit charge 5. sales person knowledge about product.,5,"""love my fitbit charge 5 .', 'sales person knowledge about product .""","`` love my fitbit charge 5 . ' , 'sales person knowledge about product . ''",0,0,0,0,0,0,0,1,0
131,21397,21398,review,"this is my first apple watch and i love the size, color, and quality.",5,"""this is my first apple watch', 'and i love the size , color , and .""","`` this is my first apple watch ' , 'and i love the size , color , and . ''",0,0,0,0,1,0,0,0,0
133,21556,21557,review,love my apple watch. it looks nice and it feels nice on my arm,5,"""love my apple watch .', 'it look nice', 'and it feel nice on my arm""","`` love my apple watch . ' , 'it look nice ' , 'and it feel nice on my arm ''",0,0,0,0,1,0,0,0,0
135,21709,21710,review,i buy an apple watch for my wife months ago and she is happy with,5,"""i buy an apple watch for my wife month ago', 'and she is happy with""","`` i buy an apple watch for my wife month ago ' , 'and she is happy with ''",1,0,0,0,0,0,0,0,0
140,22465,22466,review,big upgrade from my apple watch 4 and blue color is a nice option.,5,"""big upgrade from my apple watch 4 and blue color is a nice option .""",`` big upgrade from my apple watch 4 and blue color is a nice option . '',0,0,0,0,1,0,0,0,0
143,23030,23031,review,apple watch featuring apps from nike to track aerobic activity.,5,"""apple watch featuring apps from nike', 'to track aerobic activity .""","`` apple watch featuring apps from nike ' , 'to track aerobic activity . ''",0,0,0,0,0,0,1,0,0
152,24269,24270,review,new and shiny! works like a charm to charge my apple watch.,5,"""new and shiny !', 'works like a charm', 'to charge my apple watch .""","`` new and shiny ! ' , 'works like a charm ' , 'to charge my apple watch . ''",0,0,0,0,0,0,0,1,0
153,24492,24493,review,live the new phone and apple watch. really enjoy the technology,5,"""live the new phone and apple watch .', 'really enjoy the technology""","`` live the new phone and apple watch . ' , 'really enjoy the technology ''",1,0,0,0,0,0,0,0,0
155,24761,24762,review,looks great and fantastic... very good option for your apple watch,5,"""looks great and fantastic ... very good option for your apple watch""",`` look great and fantastic ... very good option for your apple watch '',0,0,0,0,1,0,0,0,0
156,24892,24893,review,a great way to protect your valuable apple watch at a great price!,5,"""a great way to protect your valuable apple watch at a great price !""",`` a great way to protect your valuable apple watch at a great price ! '',0,0,0,0,0,1,0,0,0
159,25034,25035,review,perfect fit for my apple watch. nice color and easy to attach.,5,"""perfect fit for my apple watch .', 'nice color and easy to attach .""","`` perfect fit for my apple watch . ' , 'nice color and easy to attach . ''",0,0,0,1,1,0,0,0,0
162,25362,25363,review,this apple watch is amazing and worth the price! i love it!,5,"""this apple watch is amazing', 'and worth the price !', 'i love it !""","`` this apple watch is amazing ' , 'and worth the price ! ' , ' i love it ! ''",0,0,0,0,0,1,0,0,0
166,26109,26110,review,i love my apple watch. it's very easy to operate with the app.,5,"""i love my apple watch .', 'it's very easy to operate with the app .""","`` i love my apple watch . ' , 'it 's very easy to operate with the app . ''",0,0,0,1,0,0,0,0,0
168,26196,26197,review,i love my apple watch. it\u2019s very easy to operate with the app.,5,"""i love my apple watch .', 'it's very easy to operate with the app .""","`` i love my apple watch . ' , 'it 's very easy to operate with the app . ''",0,0,0,1,0,0,0,0,0
170,26479,26480,review,"love my apple watch, it's very easy to use and it comes in handy",5,"""love my apple watch , it's very easy to use', 'and it come in handy""","`` love my apple watch , it 's very easy to use ' , 'and it come in handy ''",0,0,0,1,0,0,0,0,0
171,26568,26569,review,"love my apple watch, it\u2019s very easy to use and it comes in handy",5,"""love my apple watch , it's very easy to use', 'and it come in handy""","`` love my apple watch , it 's very easy to use ' , 'and it come in handy ''",0,0,0,1,0,0,0,0,0
172,26764,26765,review,great quality and love the look. i can easily dress up my apple watch.,5,"""great and love the look .', 'i can easily dress up my apple watch .""","`` great and love the look . ' , ' i can easily dress up my apple watch . ''",0,0,0,0,1,0,0,0,0
177,27678,27679,review,this apple watch is of excellent quality! very happy with my purchase!,5,"""this apple watch is of excellent !', 'very happy with my purchase !""","`` this apple watch is of excellent ! ' , 'very happy with my purchase ! ''",1,0,0,0,0,0,0,0,0
184,28315,28316,review,my son loves his apple watch. easy to use and great battery life,5,"""my son love his apple watch .', 'easy to use and great battery life""","`` my son love his apple watch . ' , 'easy to use and great battery life ''",0,0,0,1,0,0,0,1,0
186,28414,28415,review,i liked this apple watch because it has a nice size and has many features.,5,"""i liked this apple watch', 'because it ha a nice size and ha many .""","`` i liked this apple watch ' , 'because it ha a nice size and ha many . ''",0,0,0,0,1,0,0,0,0
192,28856,28857,review,great apple watch for a good price. very happy with the watch.,5,"""great apple watch for a good price .', 'very happy with the watch .""","`` great apple watch for a good price . ' , 'very happy with the watch . ''",1,0,0,0,0,1,0,0,0
195,29138,29139,review,perfect for the apple watch owner. color is bright and pretty.,5,"""perfect for the apple watch owner .', 'color is bright and pretty .""","`` perfect for the apple watch owner . ' , 'color is bright and pretty . ''",0,0,0,0,1,0,0,0,0
201,30024,30025,review,this is my first apple watch and i like it so far so easy to use,5,"""this is my first apple watch', 'and i like it so far so easy to use""","`` this is my first apple watch ' , 'and i like it so far so easy to use ''",0,0,0,1,0,0,0,0,0
208,31595,31596,review,beautiful on my wrist and cost less than apple watch. good choice,5,"""beautiful on my wrist and cost le than apple watch .', 'good choice""","`` beautiful on my wrist and cost le than apple watch . ' , 'good choice ''",0,0,0,0,0,1,0,0,0
219,32466,32467,review,it fits really great looks good with my new blue apple watch series 6,5,"""it fit really great look good with my new blue apple watch series 6""",`` it fit really great look good with my new blue apple watch series 6 '',0,0,0,0,1,0,0,0,0
220,32887,32888,review,the apple watch is a must. helps you keep track of everything.,5,"""the apple watch is a must .', 'helps you keep track of everything .""","`` the apple watch is a must . ' , 'helps you keep track of everything . ''",0,0,0,0,0,0,1,0,0
230,34955,34956,review,works good. able to charge apple watch and tablet at same time.,5,"""work good .', 'able to charge apple watch and tablet at same time .""","`` work good . ' , 'able to charge apple watch and tablet at same time . ''",0,0,0,0,0,0,0,1,0
233,35231,35232,review,i love my apple watch. easy to use and reliable. no issues.,5,"""i love my apple watch .', 'easy to use and reliable .', 'no issue .""","`` i love my apple watch . ' , 'easy to use and reliable . ' , 'no issue . ''",0,0,0,1,0,0,0,0,0
247,5283,5284,review,it looks nice on my apple watch and doesn't irritate my wrist/ skin.,4,"""it look nice on my apple watch and doesn't irritate my wrist/ skin .""",`` it look nice on my apple watch and doe n't irritate my wrist/ skin . '',0,0,0,0,1,0,0,0,0
248,5287,5288,review,it looks nice on my apple watch and doesn\u2019t irritate my wrist/ skin.,4,"""it look nice on my apple watch and doesn't irritate my wrist/ skin .""",`` it look nice on my apple watch and doe n't irritate my wrist/ skin . '',0,0,0,0,1,0,0,0,0
252,6839,6840,review,great option to charge an apple watch (at work) in a punch.,4,"""great option to charge an apple watch', '( at work )', 'in a punch .""","`` great option to charge an apple watch ' , ' ( at work ) ' , 'in a punch . ''",0,0,0,0,0,0,0,1,0
253,7572,7573,review,charges my apple watch in a timely manner. great for traveling.,4,"""charges my apple watch in a timely manner .', 'great for traveling .""","`` charge my apple watch in a timely manner . ' , 'great for traveling . ''",0,0,0,0,0,0,0,1,0
255,9104,9105,review,my daughter in law enjoy her apple watch and do so much with it.,5,"""my daughter in law enjoy her apple watch', 'and do so much with it .""","`` my daughter in law enjoy her apple watch ' , 'and do so much with it . ''",1,0,0,0,0,0,0,0,0
258,9752,9753,review,still works pretty great! i am really happy with my apple watch.,5,"""still work pretty great !', 'i am really happy with my apple watch .""","`` still work pretty great ! ' , ' i am really happy with my apple watch . ''",1,0,0,0,0,0,0,0,0
266,10782,10783,review,works great. easy way to charge your apple watch. great quality.,5,"""works great .', 'easy way', 'to charge your apple watch .', 'great .""","`` work great . ' , 'easy way ' , 'to charge your apple watch . ' , 'great . ''",0,0,0,1,0,0,0,1,0
272,11713,11714,review,"i absolutely love my apple watch, great price for a great product!",5,"""i absolutely love my apple watch , great price for a great product !""","`` i absolutely love my apple watch , great price for a great product ! ''",0,0,0,0,0,1,0,0,0
278,13123,13124,review,apple watch works great easy to use. we all have one in the house,5,"""apple watch work great easy to use .', 'we all have one in the house""","`` apple watch work great easy to use . ' , 'we all have one in the house ''",0,0,0,1,0,0,0,0,0
282,13551,13552,review,"beautiful color, looks great and fits perfectly on your apple watch!",5,"""beautiful color , look great and fit perfectly on your apple watch !""","`` beautiful color , look great and fit perfectly on your apple watch ! ''",0,0,0,0,1,0,0,0,0
286,13914,13915,review,this apple watch was well worth the money. i would recommend it.,5,"""this apple watch wa well worth the money .', 'i would recommend it .""","`` this apple watch wa well worth the money . ' , ' i would recommend it . ''",0,0,0,0,0,1,0,0,0
287,14011,14012,review,very pleased with this fitbit charge 4! easy to set up and use.,5,"""very pleased with this fitbit charge 4 !', 'easy to set up and use .""","`` very pleased with this fitbit charge 4 ! ' , 'easy to set up and use . ''",0,0,0,1,0,0,0,1,0
295,14899,14900,review,my wife loves the ⌚ apple watch and if she's happy i'm happy .,5,"""my wife love the ⌚ apple watch', ""and if she 's happy i 'm happy .""","`` my wife love the ⌚ apple watch ' , `` and if she 's happy i 'm happy . ''",1,0,0,0,0,0,0,0,0
297,15276,15277,review,absolutely love my new apple watch. good quality had a wonderful price.,5,"""absolutely love my new apple watch .', 'good had a wonderful price .""","`` absolutely love my new apple watch . ' , 'good had a wonderful price . ''",0,0,0,0,0,1,0,0,0
312,17490,17491,review,i tried apple watch series 3 before but series 5 is worth a value,5,"""i tried apple watch series 3', 'before but series 5 is worth a value""","`` i tried apple watch series 3 ' , 'before but series 5 is worth a value ''",0,0,0,0,0,1,0,0,0
315,17768,17769,review,"definitely the best apple watch developed, great shape and design.",5,"""definitely the best apple watch developed , great shape and design .""","`` definitely the best apple watch developed , great shape and design . ''",0,0,0,0,1,0,0,0,0
320,18906,18907,review,"this is a fashion state that rocks the apple watch, to the core.",5,"""this is a fashion state', 'that rock the apple watch , to the core .""","`` this is a fashion state ' , 'that rock the apple watch , to the core . ''",0,0,0,0,1,0,0,0,0
322,19622,19623,review,no problems so far. charges daughter's apple watch every night.,5,"""no problem so far .', ""charges daughter 's apple watch every night .""","`` no problem so far . ' , `` charge daughter 's apple watch every night . ''",0,0,0,0,0,0,0,1,0
324,20123,20124,review,love the magnetic bank for my apple watch! very easy to put on.,5,"""love the magnetic bank for my apple watch !', 'very easy to put on .""","`` love the magnetic bank for my apple watch ! ' , 'very easy to put on . ''",0,0,0,1,0,0,0,0,0
326,20443,20444,review,easy to use and really protect the my apple watch i recoment 10%,5,"""easy to use', 'and really protect the my apple watch i recoment 10 %""","`` easy to use ' , 'and really protect the my apple watch i recoment 10 % ''",0,0,0,1,0,0,0,0,0
328,20750,20751,review,this replaced a fitbit charge 5 - love the real watch look.....,5,"""this replaced a fitbit charge 5 -', 'love the real watch look ... ..""","`` this replaced a fitbit charge 5 - ' , 'love the real watch look ... .. ''",0,0,0,0,1,0,0,0,0
329,21157,21158,review,love my apple watch! easy to setup and love the larger screen,5,"""love my apple watch !', 'easy to setup', 'and love the larger screen""","`` love my apple watch ! ' , 'easy to setup ' , 'and love the larger screen ''",0,0,0,1,0,0,0,0,0
337,22114,22115,review,love this strap for my apple watch so cool looking and comfortable.,5,"""love this strap for my apple watch so cool looking and comfortable .""",`` love this strap for my apple watch so cool looking and comfortable . '',0,0,0,0,1,0,0,0,0
339,22665,22666,review,fits perfectly on the apple watch. very happy with my purchase!,5,"""fits perfectly on the apple watch .', 'very happy with my purchase !""","`` fit perfectly on the apple watch . ' , 'very happy with my purchase ! ''",1,0,0,0,0,0,0,0,0
340,22867,22868,review,"it's an apple product, it charges an apple watch, it works...",5,"""it's an apple product ,', 'it charge an apple watch ,', 'it work ...""","`` it 's an apple product , ' , 'it charge an apple watch , ' , 'it work ... ''",0,0,0,0,0,0,0,1,0
341,22876,22877,review,"it\u2019s an apple product, it charges an apple watch, it works...",5,"""it's an apple product ,', 'it charge an apple watch ,', 'it work ...""","`` it 's an apple product , ' , 'it charge an apple watch , ' , 'it work ... ''",0,0,0,0,0,0,0,1,0
343,23302,23303,review,excellent for charging apple watch. works fine and easy to use.,5,"""excellent for charging apple watch .', 'works fine and easy to use .""","`` excellent for charging apple watch . ' , 'works fine and easy to use . ''",0,0,0,1,0,0,0,0,0
348,24538,24539,review,i bought this apple watch two times . it\u2019s amazing and easy to use,5,"""i bought this apple watch two time .', 'it's amazing and easy to use""","`` i bought this apple watch two time . ' , 'it 's amazing and easy to use ''",0,0,0,1,0,0,0,0,0
358,26736,26737,review,apple watch very good easy to pair with my phone i love the color,5,"""apple watch very good easy to pair with my phone', 'i love the color""","`` apple watch very good easy to pair with my phone ' , ' i love the color ''",0,1,0,1,1,0,0,0,0
360,27338,27339,review,upgraded my fitbit... loving my waterproof fitbit charge 4 :-),5,"""upgraded my fitbit ... loving my waterproof fitbit charge 4 :', '- )""","`` upgraded my fitbit ... loving my waterproof fitbit charge 4 : ' , '- ) ''",0,0,0,0,0,0,0,1,0
361,27369,27370,review,this is a great apple watch product works very simple and fits nice,5,"""this is a great apple watch product', 'work very simple and fit nice""","`` this is a great apple watch product ' , 'work very simple and fit nice ''",0,0,0,1,0,0,0,0,0
363,27778,27779,review,amazing apple watch it\u2019s worth the money and easy to use as well.,5,"""amazing apple watch it's worth the money', 'and easy to use a well .""","`` amazing apple watch it 's worth the money ' , 'and easy to use a well . ''",0,0,0,1,0,1,0,0,0
367,28303,28304,review,excellent addition to the apple watch. easy to install and use.,5,"""excellent addition to the apple watch .', 'easy to install and use .""","`` excellent addition to the apple watch . ' , 'easy to install and use . ''",0,0,0,1,0,0,0,0,0
369,28385,28386,review,"great price great item! buy it, its better then a apple watch",5,"""great price great item !', 'buy it ,', 'it better then a apple watch""","`` great price great item ! ' , 'buy it , ' , 'it better then a apple watch ''",0,0,0,0,0,1,0,0,0
385,30475,30476,review,a must have for all apple watch aficionados. the ekg feature is very cool,5,"""a must have for all apple watch aficionado .', 'the ekg is very cool""","`` a must have for all apple watch aficionado . ' , 'the ekg is very cool ''",0,0,0,0,1,0,0,0,0
388,30644,30645,review,works great with my apple watch. quick charge! easy to use!,5,"""works great with my apple watch .', 'quick charge !', 'easy to use !""","`` work great with my apple watch . ' , 'quick charge ! ' , 'easy to use ! ''",0,0,0,1,0,0,0,1,0
391,31016,31017,review,"thank you very much, nice color for my apple watch, and original.",5,"""thank you very much , nice color for my apple watch , and original .""","`` thank you very much , nice color for my apple watch , and original . ''",0,0,0,0,1,0,0,0,0
397,31742,31743,review,perfect fit with fitbit charge 2. lasted as long as the original.,5,"""perfect fit with fitbit charge 2 .', 'lasted a long a the original .""","`` perfect fit with fitbit charge 2 . ' , 'lasted a long a the original . ''",0,0,0,0,0,0,0,1,0
411,35051,35052,review,this wall plug provide the right power to charge my apple watch 7,5,"""this wall plug provide the right power', 'to charge my apple watch 7""","`` this wall plug provide the right power ' , 'to charge my apple watch 7 ''",0,0,0,0,0,0,0,1,0
412,35292,35293,review,love my new apple watch series 3 and at 199.00 it was a great value.,5,"""love my new apple watch series 3 and at 199.00 it wa a great value .""",`` love my new apple watch series 3 and at 199.00 it wa a great value . '',0,0,0,0,0,1,0,0,0
420,5773,5774,review,slightly different color than the apple watch but still looks great,4,"""slightly different color than the apple watch', 'but still look great""","`` slightly different color than the apple watch ' , 'but still look great ''",0,0,0,0,1,0,0,0,0
425,7086,7087,review,works great and helps protect my new apple watch. easy to apply,4,"""works great', 'and help protect my new apple watch .', 'easy to apply""","`` work great ' , 'and help protect my new apple watch . ' , 'easy to apply ''",0,0,0,1,0,0,0,0,0
430,8203,8204,review,will not charge a gear 2 or apple watch. does charge cell phones.,4,"""will not charge a gear 2 or apple watch .', 'does charge cell phone .""","`` will not charge a gear 2 or apple watch . ' , 'does charge cell phone . ''",0,0,0,0,0,0,0,1,0
441,11443,11444,review,great apple watch. use it to track my fitness. use it daily.,5,"""great apple watch .', 'use it to track my fitness .', 'use it daily .""","`` great apple watch . ' , 'use it to track my fitness . ' , 'use it daily . ''",0,0,0,0,0,0,1,0,0
444,12070,12071,review,fits perfect. an elegant look while still being an apple watch,5,"""fits perfect .', 'an elegant look', 'while still being an apple watch""","`` fit perfect . ' , 'an elegant look ' , 'while still being an apple watch ''",0,0,0,0,1,0,0,0,0
445,12763,12764,review,love my apple watch. the new features are great and i love the color red!,5,"""love my apple watch .', 'the new are great and i love the color red !""","`` love my apple watch . ' , 'the new are great and i love the color red ! ''",0,0,0,0,1,0,0,0,0
448,13284,13285,review,nice apple watch for a 13 year old girl! easy to set up and use!,5,"""nice apple watch for a 13 year old girl !', 'easy to set up and use !""","`` nice apple watch for a 13 year old girl ! ' , 'easy to set up and use ! ''",0,0,0,1,0,0,0,0,0
449,13299,13300,review,very happy with the apple watch and would refer anyone to try it.,5,"""very happy with the apple watch', 'and would refer anyone to try it .""","`` very happy with the apple watch ' , 'and would refer anyone to try it . ''",1,0,0,0,0,0,0,0,0
455,13681,13682,review,works well with an apple watch - nice color too and easy to install.,5,"""works well with an apple watch - nice color too and easy to install .""",`` work well with an apple watch - nice color too and easy to install . '',0,0,0,1,1,0,0,0,0
456,13850,13851,review,so happy with my new apple watch & the price was great from best buy.,5,"""so happy with my new apple watch & the price wa great from best buy .""",`` so happy with my new apple watch & the price wa great from best buy . '',1,0,0,0,0,1,0,0,0
458,14133,14134,review,apple watch se was the perfect gift. i like the bigger size @ 44mm.,5,"""apple watch se wa the perfect gift .', 'i like the bigger size 44mm .""","`` apple watch se wa the perfect gift . ' , ' i like the bigger size 44mm . ''",0,0,0,0,1,0,0,0,0
459,14288,14289,review,charges quickly ! needed for apple watch! still working good!,5,"""charges quickly !', 'needed for apple watch !', 'still working good !""","`` charge quickly ! ' , 'needed for apple watch ! ' , 'still working good ! ''",0,0,0,0,0,0,0,1,0
464,15065,15066,review,"loved the apple watch, got it for a good price at the perfect time.",5,"""loved the apple watch , got it for a good price at the perfect time .""","`` loved the apple watch , got it for a good price at the perfect time . ''",0,0,0,0,0,1,0,0,0
472,16912,16913,review,exactly what we were looking for to make the apple watch look nicer.,5,"""exactly what we were looking for to make the apple watch look nicer .""",`` exactly what we were looking for to make the apple watch look nicer . '',0,0,0,0,1,0,0,0,0
473,17151,17152,review,excellent price for a new apple watch acts just like the newer versions,5,"""excellent price for a new apple watch act just like the newer version""",`` excellent price for a new apple watch act just like the newer version '',0,0,0,0,0,1,0,0,0
478,17659,17660,review,well done and awesome quality product that pairs perfectly with apple watch,5,"""well done and awesome product', 'that pair perfectly with apple watch""","`` well done and awesome product ' , 'that pair perfectly with apple watch ''",0,1,0,0,0,0,0,0,0
485,18401,18402,review,great deal for little money. fits perfectly on my fitbit charge 2,5,"""great deal for little money .', 'fits perfectly on my fitbit charge 2""","`` great deal for little money . ' , 'fits perfectly on my fitbit charge 2 ''",0,0,0,0,0,0,0,1,0
486,18590,18591,review,i love love love my apple watch. very easy to use and set up.,5,"""i love love love my apple watch .', 'very easy to use', 'and set up .""","`` i love love love my apple watch . ' , 'very easy to use ' , 'and set up . ''",0,0,0,1,0,0,0,0,0
495,20765,20766,review,great color and fits my apple watch perfectly and goes with my bumper,5,"""great color and fit my apple watch perfectly', 'and go with my bumper""","`` great color and fit my apple watch perfectly ' , 'and go with my bumper ''",0,0,0,0,1,0,0,0,0
498,21009,21010,review,i always recomend apple watch looks nice and is very easy to use,5,"""i always recomend apple watch look nice', 'and is very easy', 'to use""","`` i always recomend apple watch look nice ' , 'and is very easy ' , 'to use ''",0,0,0,1,1,0,0,0,0
499,21271,21272,review,good replacement strap for your apple watch and great color as well,5,"""good replacement strap', 'for your apple watch and great color a well""","`` good replacement strap ' , 'for your apple watch and great color a well ''",0,0,0,0,1,0,0,0,0
501,21511,21512,review,fit perfectly my apple watch series 7. definitely worth the money,5,"""fit perfectly my apple watch series 7 .', 'definitely worth the money""","`` fit perfectly my apple watch series 7 . ' , 'definitely worth the money ''",0,0,0,0,0,1,0,0,0
502,21543,21544,review,very happy with the new apple watch. upgraded from the series 3.,5,"""very happy with the new apple watch .', 'upgraded from the series 3 .""","`` very happy with the new apple watch . ' , 'upgraded from the series 3 . ''",1,0,0,0,0,0,0,0,0
506,22413,22414,review,love my apple watch and all of its functions. very easy to navigate,5,"""love my apple watch and all of it function .', 'very easy to navigate""","`` love my apple watch and all of it function . ' , 'very easy to navigate ''",0,0,0,1,0,0,0,0,0
512,22750,22751,review,was on sale with the purchase of an apple watch. nice color and quality.,5,"""was on sale with the purchase of an apple watch .', 'nice color and .""","`` wa on sale with the purchase of an apple watch . ' , 'nice color and . ''",0,0,0,0,1,0,0,0,0
518,24530,24531,review,sleek design that doesn't take away from the apple watch itself,5,"""sleek design', 'that doesn't take away from the apple watch', 'itself""","`` sleek design ' , 'that doe n't take away from the apple watch ' , 'itself ''",0,0,0,0,1,0,0,0,0
519,24564,24565,review,sleek design that doesn\u2019t take away from the apple watch itself,5,"""sleek design', 'that doesn't take away from the apple watch', 'itself""","`` sleek design ' , 'that doe n't take away from the apple watch ' , 'itself ''",0,0,0,0,1,0,0,0,0
521,24745,24746,review,really good and nice design. light perfect matches with apple watch,5,"""really good and nice design .', 'light perfect match with apple watch""","`` really good and nice design . ' , 'light perfect match with apple watch ''",0,0,0,0,1,0,0,0,0
523,25095,25096,review,loved my apple watch! perfect size for my wrist! great gift!,5,"""loved my apple watch !', 'perfect size for my wrist !', 'great gift !""","`` loved my apple watch ! ' , 'perfect size for my wrist ! ' , 'great gift ! ''",0,0,0,0,1,0,0,0,0
524,25231,25232,review,"look nice and works, similar to apple watch and i like the display",5,"""look nice and work , similar to apple watch', 'and i like the display""","`` look nice and work , similar to apple watch ' , 'and i like the display ''",0,0,0,0,1,0,0,0,0
525,25337,25338,review,the price was right and i have loved everything about my apple watch!,5,"""the price wa right and i have loved everything about my apple watch !""",`` the price wa right and i have loved everything about my apple watch ! '',0,0,0,0,0,1,0,0,0
530,26360,26361,review,came fast easy to link and a real apple watch so it's great for me,5,"""came fast easy to link and a real apple watch', 'so it's great for me""","`` came fast easy to link and a real apple watch ' , 'so it 's great for me ''",0,0,0,1,0,0,0,0,0
531,26483,26484,review,this apple watch was perfect easy to set up and the features were amazing,5,"""this apple watch wa perfect easy', 'to set up', 'and the were amazing""","`` this apple watch wa perfect easy ' , 'to set up ' , 'and the were amazing ''",0,0,0,1,0,0,0,0,0
537,27317,27318,review,this new apple watch is amazing. its stylish and feels comfortable,5,"""this new apple watch is amazing .', 'its stylish and feel comfortable""","`` this new apple watch is amazing . ' , 'its stylish and feel comfortable ''",0,0,0,0,1,0,0,0,0
538,27410,27411,review,i love my apple watch. i wear it everyday.... great price and quality.,5,"""i love my apple watch .', 'i wear it everyday ... . great price and .""","`` i love my apple watch . ' , ' i wear it everyday ... . great price and . ''",0,0,0,0,0,1,0,0,0
542,28372,28373,review,this is my third apple watch since 2015 and i'm always satisfied.,5,"""this is my third apple watch since 2015', 'and i'm always satisfied .""","`` this is my third apple watch since 2015 ' , 'and i 'm always satisfied . ''",1,0,0,0,0,0,0,0,0
543,28381,28382,review,this is my third apple watch since 2015 and i\u2019m always satisfied.,5,"""this is my third apple watch', 'since 2015 and i'm always satisfied .""","`` this is my third apple watch ' , 'since 2015 and i 'm always satisfied . ''",1,0,0,0,0,0,0,0,0
544,28476,28477,review,love apple. watch is great and never fails. good price too,5,"""love apple .', 'watch is great', 'and never fails .', 'good price too""","`` love apple . ' , 'watch is great ' , 'and never fails . ' , 'good price too ''",0,0,0,0,0,1,0,0,0
546,28958,28959,review,great price for this apple watch series 3 my granddaughter loved it.,5,"""great price for this apple watch series 3 my granddaughter loved it .""",`` great price for this apple watch series 3 my granddaughter loved it . '',0,0,0,0,0,1,0,0,0
548,29439,29440,review,looks good and works great. works better the my last apple watch.,5,"""looks good and work great .', 'works better the my last apple watch .""","`` look good and work great . ' , 'works better the my last apple watch . ''",0,0,0,0,1,0,0,0,0
550,29753,29754,review,great apple watch for the price! and they price matched walmart!,5,"""great apple watch for the price !', 'and they price matched walmart !""","`` great apple watch for the price ! ' , 'and they price matched walmart ! ''",0,0,0,0,0,1,0,0,0
551,30012,30013,review,i love my new apple watch. it helps me with my everyday activities.,5,"""i love my new apple watch .', 'it help me with my everyday activity .""","`` i love my new apple watch . ' , 'it help me with my everyday activity . ''",0,0,0,0,0,0,1,0,0
553,30099,30100,review,i love my new apple watch! it is so comfortable and easy to use.,5,"""i love my new apple watch !', 'it is so comfortable and easy to use .""","`` i love my new apple watch ! ' , 'it is so comfortable and easy to use . ''",0,0,0,1,0,0,0,0,0
554,30106,30107,review,great upgrade from last fitbit charge. love the colored display!,5,"""great upgrade from last fitbit charge .', 'love the colored display !""","`` great upgrade from last fitbit charge . ' , 'love the colored display ! ''",0,0,0,0,0,0,0,1,0
557,30620,30621,review,bought this for my apple watch love the way it looks easy to put on,5,"""bought this for my apple watch love the way', 'it look easy to put on""","`` bought this for my apple watch love the way ' , 'it look easy to put on ''",0,0,0,1,1,0,0,0,0
560,31034,31035,review,great product! love the elegant look it gives the apple watch.,5,"""great product !', 'love the elegant look', 'it give the apple watch .""","`` great product ! ' , 'love the elegant look ' , 'it give the apple watch . ''",0,0,0,0,1,0,0,0,0
561,31508,31509,review,best watch no problem it's nice n cool love it nice apple watch,5,"""best watch no problem', 'it's nice n cool love', 'it nice apple watch""","`` best watch no problem ' , 'it 's nice n cool love ' , 'it nice apple watch ''",0,0,0,0,1,0,0,0,0
572,33835,33836,review,open box was in perfect condition. good price for an apple watch.,5,"""open box wa in perfect condition .', 'good price for an apple watch .""","`` open box wa in perfect condition . ' , 'good price for an apple watch . ''",0,0,0,0,0,1,0,0,0
578,34463,34464,review,this apple watch is super cool like the cooler and the price was right,5,"""this apple watch is super cool like the cooler and the price wa right""",`` this apple watch is super cool like the cooler and the price wa right '',0,0,0,0,1,1,0,0,0
579,34536,34537,review,"apple watch. i like the color of the watch, and it works great",5,"""apple watch .', 'i like the color of the watch ,', 'and it work great""","`` apple watch . ' , ' i like the color of the watch , ' , 'and it work great ''",0,0,0,0,1,0,0,0,0
580,34587,34588,review,good apple watch for the price when its in sale value for the money,5,"""good apple watch for the price', 'when it in sale value for the money""","`` good apple watch for the price ' , 'when it in sale value for the money ''",0,0,0,0,0,1,0,0,0
589,35714,35715,review,the fitbit charge 4 has helped us stay active and track our health!,5,"""the fitbit charge 4 ha helped u stay active', 'and track our health !""","`` the fitbit charge 4 ha helped u stay active ' , 'and track our health ! ''",0,0,0,0,0,0,0,1,0
607,6223,6224,review,very good fit for my wife's apple watch. good color and texture.,4,"""very good fit for my wife 's apple watch ."", 'good color and texture .""","`` very good fit for my wife 's apple watch . `` , 'good color and texture . ''",0,0,0,0,1,0,0,0,0
609,6692,6693,review,i like the different colors you get to choose for your apple watch!,4,"""i like the different color', 'you get to choose for your apple watch !""","`` i like the different color ' , 'you get to choose for your apple watch ! ''",0,0,0,0,1,0,0,0,0
616,8567,8568,review,apple watch is easy to use. best buy associates were very helpful.,4,"""apple watch is easy to use .', 'best buy associate were very helpful .""","`` apple watch is easy to use . ' , 'best buy associate were very helpful . ''",0,0,0,1,0,0,0,0,0
618,9027,9028,review,i love my apple watch series 6. worth the money. very useful.,5,"""i love my apple watch series 6 .', 'worth the money .', 'very useful .""","`` i love my apple watch series 6 . ' , 'worth the money . ' , 'very useful . ''",0,0,0,0,0,1,0,0,0
627,10737,10738,review,"the best apple watch, easy to use, give notifications right away!",5,"""the best apple watch , easy to use ,', 'give notification right away !""","`` the best apple watch , easy to use , ' , 'give notification right away ! ''",0,0,0,1,0,0,0,0,0
628,10864,10865,review,great item to use for your apple watch with comfort and stylish wear.,5,"""great item to use for your apple watch with comfort and stylish wear .""",`` great item to use for your apple watch with comfort and stylish wear . '',0,0,0,0,1,0,0,0,0
632,11466,11467,review,love my apple watch! it really helps me a lot with my health goals.,5,"""love my apple watch !', 'it really help me a lot with my health goal .""","`` love my apple watch ! ' , 'it really help me a lot with my health goal . ''",0,0,0,0,0,0,1,0,0
635,11819,11820,review,best apple watch ever! it's so easy to use. very pretty also.,5,"""best apple watch ever !', 'it's so easy to use .', 'very pretty also .""","`` best apple watch ever ! ' , 'it 's so easy to use . ' , 'very pretty also . ''",0,0,0,1,0,0,0,0,0
636,11862,11863,review,second apple watch. great product performance and looks great too.,5,"""second apple watch .', 'great product performance and look great too .""","`` second apple watch . ' , 'great product performance and look great too . ''",0,0,0,0,1,0,0,0,0
644,9340,9341,review,i love it. it gave my apple watch a little class and very easy to put on each morning.,5,"""i love it .', 'it gave my apple watch a little class and very easy to put on each morning .""","`` i love it . ' , 'it gave my apple watch a little class and very easy to put on each morning . ''",0,0,0,1,0,0,0,0,0
645,9390,9391,review,protecting my apple watch it is great for your expense watch. best value for your watch,5,"""protecting my apple watch it is great for your expense watch .', 'best value for your watch""","`` protecting my apple watch it is great for your expense watch . ' , 'best value for your watch ''",0,0,0,0,0,1,0,0,0
649,11027,11028,review,easy to to see the numbers that part i do like and i can charge my apple watch with it,5,"""easy to to see the number', 'that part i do like', 'and i can charge my apple watch with it""","`` easy to to see the number ' , 'that part i do like ' , 'and i can charge my apple watch with it ''",0,0,0,1,0,0,0,0,0
657,12609,12610,review,i love my apple watch i can not go anywhere without it. so helpful with daily tasks.,5,"""i love my apple watch i can not go anywhere', 'without it .', 'so helpful with daily task .""","`` i love my apple watch i can not go anywhere ' , 'without it . ' , 'so helpful with daily task . ''",0,0,0,0,0,0,1,0,0
663,13204,13205,review,"needed to upgrade my current bumper on my apple watch, great for the money i spent.",5,"""needed to upgrade my current bumper on my apple watch ,', 'great for the money', 'i spent .""","`` needed to upgrade my current bumper on my apple watch , ' , 'great for the money ' , ' i spent . ''",0,0,0,0,0,1,0,0,0
669,14002,14003,review,great replacement for my original samsung gear watch. easy set up and lots of functions.,5,"""great replacement for my original samsung gear watch .', 'easy set up and lot of function .""","`` great replacement for my original samsung gear watch . ' , 'easy set up and lot of function . ''",0,0,0,1,0,0,0,0,0
673,14332,14333,review,the apple watch 3 is still a good buy in 2020. then apple watch 3 is an amazing value.,5,"""the apple watch 3 is still a good buy in 2020 .', 'then apple watch 3 is an amazing value .""","`` the apple watch 3 is still a good buy in 2020 . ' , 'then apple watch 3 is an amazing value . ''",0,0,0,0,0,1,0,0,0
680,14928,14929,review,love it easy to put on the watch. i would recommend to anyone that has an apple watch,5,"""love it easy to put on the watch .', 'i would recommend to anyone', 'that ha an apple watch""","`` love it easy to put on the watch . ' , ' i would recommend to anyone ' , 'that ha an apple watch ''",0,0,0,1,0,0,0,0,0
683,15170,15171,review,"the apple watch is great. light, cool design, and really makes things easy on the go",5,"""the apple watch is great .', 'light , cool design ,', 'and really make thing easy on the go""","`` the apple watch is great . ' , 'light , cool design , ' , 'and really make thing easy on the go ''",0,0,0,1,1,0,0,0,0
691,16340,16341,review,i love the apple watch. definitely worth the invest for me. easy to track workouts.,5,"""i love the apple watch .', 'definitely worth the invest for me .', 'easy to track workout .""","`` i love the apple watch . ' , 'definitely worth the invest for me . ' , 'easy to track workout . ''",0,0,0,1,0,0,0,0,0
692,16790,16791,review,"since apple watch, i don\u2019t use any other watch. it\u2019s helpful at work and social life.",5,"""since apple watch , i don't use any other watch .', 'it's helpful at work and social life .""","`` since apple watch , i do n't use any other watch . ' , 'it 's helpful at work and social life . ''",0,0,0,0,0,0,1,0,0
693,17325,17326,review,i love my apple watch! it is compatible with all my apple devices and it\u2019s easy to use.,5,"""i love my apple watch !', 'it is compatible with all my apple device and it's easy to use .""","`` i love my apple watch ! ' , 'it is compatible with all my apple device and it 's easy to use . ''",0,0,0,1,0,0,0,0,0
694,17795,17796,review,one of the best apple watch ever purchased. happy with the deal i got from best buy :),5,"""one of the best apple watch ever purchased .', 'happy with the deal i got from best buy : )""","`` one of the best apple watch ever purchased . ' , 'happy with the deal i got from best buy : ) ''",1,0,0,0,0,0,0,0,0
704,18929,18930,review,good battery life and quality. way after than my apple watch 2. would recommend to anyone.,5,"""good battery life and .', 'way after than my apple watch 2 .', 'would recommend to anyone .""","`` good battery life and . ' , 'way after than my apple watch 2 . ' , 'would recommend to anyone . ''",0,0,0,0,0,0,0,1,0
711,19753,19754,review,this is a nice leather strap for the apple watch. it looks amazing. i recommend it.,5,"""this is a nice leather strap for the apple watch .', 'it look amazing .', 'i recommend it .""","`` this is a nice leather strap for the apple watch . ' , 'it look amazing . ' , ' i recommend it . ''",0,0,0,0,1,0,0,0,0
719,21417,21418,review,everything you want your apple watch to be. happy to get 6 months of apple fitness+ free,5,"""everything you want your apple watch to be .', 'happy to get 6 month of apple fitness+ free""","`` everything you want your apple watch to be . ' , 'happy to get 6 month of apple fitness+ free ''",1,0,0,0,0,0,0,0,0
720,22194,22195,review,good apple watch. useful and small for easy use. comes in multiple colors and sizes.,5,"""good apple watch .', 'useful and small for easy use .', 'comes in multiple color and size .""","`` good apple watch . ' , 'useful and small for easy use . ' , 'comes in multiple color and size . ''",0,0,0,1,1,0,0,0,0
727,26509,26510,review,i finally broke down & purchased my first apple watch. i\u2019m extremely happy with it.,5,"""i finally broke down &', 'purchased my first apple watch .', 'i'm extremely happy with it .""","`` i finally broke down & ' , 'purchased my first apple watch . ' , ' i 'm extremely happy with it . ''",1,0,0,0,0,0,0,0,0
731,27663,27664,review,"you can dress up, or down your apple watch. i love it sleek design and heavy duty.",5,"""you can dress up ,', 'or down your apple watch .', 'i love it sleek design and heavy duty .""","`` you can dress up , ' , 'or down your apple watch . ' , ' i love it sleek design and heavy duty . ''",0,0,0,0,1,0,0,0,0
737,29692,29693,review,apple watch is one of the best apple products i have had. battery life is excellent!,5,"""apple watch is one of the best apple product', 'i have had .', 'battery life is excellent !""","`` apple watch is one of the best apple product ' , ' i have had . ' , 'battery life is excellent ! ''",0,0,0,0,0,0,0,1,0
739,29775,29776,review,had fitbit charge 3 previously....love this charge 4 even more! extra features are great.,5,"""had fitbit charge 3 previously ... .', 'love this charge 4 even more !', 'extra are great .""","`` had fitbit charge 3 previously ... . ' , 'love this charge 4 even more ! ' , 'extra are great . ''",0,0,0,0,0,0,0,1,0
742,30282,30283,review,"great price. sleek and powerful, not my first apple watch, probably not my last one.",5,"""great price .', 'sleek and powerful , not my first apple watch , probably not my last one .""","`` great price . ' , 'sleek and powerful , not my first apple watch , probably not my last one . ''",0,0,0,0,0,1,0,0,0
746,30799,30800,review,i enjoy the apple watch. it is dependable but the battery life does not last that long.,5,"""i enjoy the apple watch .', 'it is dependable but the battery life doe not last that long .""","`` i enjoy the apple watch . ' , 'it is dependable but the battery life doe not last that long . ''",1,0,0,0,0,0,0,0,0
749,31376,31377,review,i love my apple watch. the battery life is still holding up strong after months of use.,5,"""i love my apple watch .', 'the battery life is still holding up strong after month of use .""","`` i love my apple watch . ' , 'the battery life is still holding up strong after month of use . ''",0,0,0,0,0,0,0,1,0
